,,,,
,Project DronAid — Jira App Member Directory,,,
,TOTAL MEMBERS,EXECUTIVE BOARD,SUBSYSTEM HEADS,SENIOR & TEAM
,28,2,5,21
,,,,
,Hierarchy Tier,Full Name,Email Address,Role & Subsystem
,Executive Board,Hursh Ramachandra Pai,paihurshr@gmail.com,Team manager • MAD
,Executive Board,Kevin Siby,contactkevinsiby@gmail.com,Technical head • ECS
,Subsystem Heads,mahek gupta,mahekg819@gmail.com,AIA head • AIA
,Subsystem Heads,Rudransh Bhatia,rudranshbhatia5@gmail.com,ECS head • ECS
,Subsystem Heads,Shaurya Raizada ,shauryaraizada@gmail.com,Research Subsystem Co-Head • Research
,Subsystem Heads,Sourajit Saha ,sourajitniva15.dgp@gmail.com,Research Subsystem Co-Head • Research
,Subsystem Heads,Yuvraj Singh,yeeshu.singh@gmail.com,MAD head • MAD
,Senior Members,Abhiram Sreekumar,abhiramsreekumar06@gmail.com,Senior Member • ECS
,Senior Members,AMAN DENNY,amandenny2236@gmail.com,Senior Member • MAD
,Senior Members,Chirantan Shalya ,chirantam.shalya@gmail.com,Senior Member • Management
,Senior Members,Sahil Sinha,sahil070406@gmail.com,Senior Member • AIA
,Senior Members,saksham srivastava ,saksham.sriv@gmail.com,Senior Member • ECS
,Senior Members,Samyak Verma,samyakk.vermaa@gmail.com,Senior Member • AIA
,Senior Members,Sreyas S Kumar ,sreyasnair7777777@gmail.com,Senior Member • ECS
,Team Members,Abhinav Girish Hegde,abhinavhegde@outlook.com,Team member • ECS
,Team Members,Arun.G.S,gsarun106@gmail.com,Team member • MAD
,Team Members,Asiya N R,asiyanr58@gmail.com,Team member • MAD
,Team Members,Ayush Joshi,josh.ayush2006@gmail.com,Team member • AIA
,Team Members,Devika Rajeev,rajeevdevika567@gmail.com,Team member • Management
,Team Members,Hail Seejo C,hailseejo@gmail.com,Team member • Software
,Team Members,Hridya Vinod,hridyavinodcb@gmail.com,Team member • AIA
,Team Members,Parvana R,parvana.raji@gmail.com,Team member • Management
,Team Members,Pratyush Acharya ,pratyushacharya186@gmail.com,Team member • ECS
,Team Members,Riddhima Jaju,jajuriddhima@gmail.com,Team member • Software
,Team Members,Shruvi Karande ,shruvi.karande@gmail.com,Team member • Software
,Team Members,Sidhartha Reddy Tukkani,sidhu.tukkani@gmail.com,Team member • AIA
,Team Members,Srihari M Nair,sriharimnair@gmail.com,Team member • ECS
,Team Members,VEDANTA KRISHNA RAO,vedantakrishna44@gmail.com,Team member • MAD
,Total Directory Members,28 Members,Status: Synced with Form Responses 1,Project DronAid • Jira Access